Metric,Score
Accuracy,0.8564593301435407
Precision (macro),0.8590579710144929
Recall (macro),0.8566940073901902
F1-score (macro),0.8562977228642603
