Metric,Score
Accuracy,0.8492462311557789
Precision (macro),0.8475969335102462
Recall (macro),0.8492977131564088
F1-score (macro),0.8465597180873509
