topic_category,num_questions,num_correct,accuracy,precision,recall,f1
overall,97,79,0.8144329896907216,1.0,0.8144329896907216,0.8977272727272727
diagnosis,50,41,0.82,1.0,0.82,0.9010989010989011
treatment,47,38,0.8085106382978723,1.0,0.8085106382978723,0.8941176470588236
