topic_category,num_questions,num_correct,accuracy,precision,recall,f1
overall,97,94,0.9690721649484536,1.0,0.9690721649484536,0.9842931937172775
diagnosis,50,49,0.98,1.0,0.98,0.98989898989899
treatment,47,45,0.9574468085106383,1.0,0.9574468085106383,0.9782608695652174
