topic_category,num_questions,num_correct,accuracy,precision,recall,f1
overall,97,79,0.8144329896907216,1.0,0.8144329896907216,0.8977272727272727
diagnosis,50,43,0.86,1.0,0.86,0.9247311827956989
treatment,47,36,0.7659574468085106,1.0,0.7659574468085106,0.8674698795180723
