topic_category,num_questions,num_correct,accuracy,precision,recall,f1
overall,213,193,0.9061032863849765,1.0,0.9061032863849765,0.9507389162561576
disorders,116,104,0.896551724137931,1.0,0.896551724137931,0.9454545454545454
treatments,74,68,0.918918918918919,1.0,0.918918918918919,0.9577464788732394
symptoms,23,21,0.9130434782608695,1.0,0.9130434782608695,0.9545454545454546
